INSERT INTO Wydawnictwa (Id, Nazwa, Kraj, Numer_budynku, Ulica, Kod_pocztowy, Miejscowosc)
VALUES
(1, N'Wydawnictwo ABC', N'Polska', 123, N'Krakowska', '12-345', N'Kraków'),
(2, N'Wydawnictwo XYZ', N'USA', 456, N'Main Street', '90-123', N'New York'),
(3, N'Wydawnictwo 123', N'Francja', 789, N'Rue de la Liberation', '75-678', N'Pary¿'),
(4, N'Wydawnictwo Ksi¹¿kowe', N'Niemcy', 101, N'Hauptstrasse', '45-678', N'Berlin'),
(5, N'Wydawnictwo Literackie', N'W³ochy', 202, N'Via Roma', '20-001', N'Rzym'),
(6, N'Wydawnictwo Ksi¹¿kowe Polski', N'Polska', 505, N'Warszawska', '01-234', N'Warszawa'),
(7, N'Wydawnictwo Inne', N'Hiszpania', 303, N'Calle Principal', '30-456', N'Madryt'),
(8, N'Wydawnictwo Uniwersytetu', N'Wielka Brytania', 707, N'High Street', '43-234', N'Londyn'),
(9, N'Wydawnictwo Naukowe', N'Kanada', 404, N'Maple Avenue', '21-678', N'Toronto'),
(10, N'Wydawnictwo Techniczne', N'Japonia', 606, N'Sakura Street', '21-456', N'Tokio');

INSERT INTO Ksiazki (ISBN, Tytul, Rok_Wydania, Cena, Wydawnictwo)
VALUES
('9780765365279', N'The Way of Kings', 2010, 25.99, 1), 
('9780765326355', N'Mistborn: The Final Empire', 2006, 19.99, 2),
('9780765361165', N'Words of Radiance', 2014, 28.50, 1),
('9780765327321', N'Mistborn: The Well of Ascension', 2007, 21.75, 2),
('9780765365286', N'Oathbringer', 2017, 32.99, 1),
('9780765327338', N'Mistborn: The Hero of Ages', 2008, 22.99, 2),
('9780765325365', N'Elantris', 2005, 17.50, 1),
('9780765376671', N'Rhythm of War', 2020, 35.25, 1),
('9780765327383', N'Steelheart', 2013, 26.99, 3), 
('9780765325341', N'Warbreaker', 2009, 23.50, 1),
('9788378395662', N'W³adca Pierœcieni: Powrót Króla', 1955, 26.25, 5),
('9788378395679', N'Hobbit, czyli tam i z powrotem', 1937, 19.99, 5),
('9788378395686', N'Silmarillion', 1977, 28.75, 5),
('9784509876543', N'P³omieñ i krzy¿, tom 1.', 2021, 28.75, 4),
('9785098765432', N'Ja inkwizytor. G³ód i pragnienie.', 2018, 19.99, 5),
('9780987654321', N'Ja inkwizytor. Koœciany galeon.', 2020, 23.50, 6),
('9789876543210', N'P³omieñ i krzy¿, tom 2.', 2017, 17.25, 7),
('9788765432109', N'P³omieñ i krzy¿, tom 3.', 2019, 26.99, 8),
('9780060853983', N'Good Omens', 1990, 29.99, 1),
('9780062067777', N'The Long Earth', 2012, 24.50, 2);

INSERT INTO Autorzy (Id, Imie, Nazwisko, Pseudonim, Kraj_pochodzenia)
VALUES
(1, N'Brandon', N'Sanderson', NULL, N'USA'),
(2, N'John Ronald Reuel', N'Tolkien', NULL, N'Wielka Brytania'),
(3, N'Jacek', N'Piekara', NULL, N'Polska'),
(4, N'Terry ', N'Pratchett', NULL, N'Wielka Brytania'),
(5, N'Neil ', N'Gaiman', NULL, N'Wielka Brytania'),
(6, N'Stephen ', N'Baxter', 'The voice', N'Wielka Brytania'),
(7, N'Toni', N'Morrison', NULL, N'USA'),
(8, N'Isabel', N'Allende', NULL, N'Chile'),
(9, N'Leo', N'Tolstoy', NULL, N'Rosja'),
(10, N'George', N'Orwell', NULL, N'Wielka Brytania');

INSERT INTO Autorzy_ksiazek (Ksiazka, Autor)
VALUES
('9780765365279', 1), 
('9780765326355', 1),
('9780765361165', 1),
('9780765327321', 1),
('9780765365286', 1),
('9780765327338', 1),
('9780765325365', 1),
('9780765376671', 1),
('9780765325341', 1),
('9788378395662', 2),
('9788378395679', 2),
('9788378395686', 2),
('9784509876543', 3),
('9785098765432', 3),
('9780987654321', 3),
('9789876543210', 3),
('9788765432109', 3),
('9780060853983', 4),
('9780060853983', 5),
('9780062067777', 4),
('9780062067777', 6);

INSERT INTO Hurtownie (Id, Nazwa, Kraj, Numer_budynku, Ulica, Kod_pocztowy, Miejscowosc)
VALUES
(1, N'Hurtownia Ksi¹¿ek "M¹dra G³owa"', N'Polska', 41, N'Ksiêgarska', '01-234', N'Warszawa'),
(2, N'Hurtownia Literatury "S³owo i Myœl"', N'Polska', 22, N'Literacka', '30-567', N'Kraków'),
(3, N'Hurtownia Przygodowych Opowieœci', N'Polska', 3, N'Fantastyczna', '50-789', N'Wroc³aw'),
(4, N'Hurtownia Krymina³ów "œledczy Czytelnik"', N'Polska', 44, N'Detektywistyczna', '90-123', N'£ódŸ'),
(5, N'Hurtownia Dzieciêcych Ksi¹¿ek "Baœniowy Œwiat"', N'Polska', 52, N'Dzieciêca', '02-345', N'Warszawa'),
(6, N'Hurtownia Naukowych Publikacji "Wiedza Bez Granic"', N'Polska', 34, N'Akademicka', '10-567', N'Gdañsk'),
(7, N'Hurtownia Poezji "S³owo Wersyfikowane"', N'Polska', 77, N'Poetycka', '20-789', N'Bia³ystok'),
(8, N'Hurtownia Horrorów "Mro¿¹ce Krew"', N'Polska', 12, N'Groza', '40-123', N'Katowice'),
(9, N'Hurtownia Romantycznych Powieœci', N'Polska', 23, N'Ró¿ana', '03-345', N'Warszawa'),
(10, N'Hurtownia Przyrodniczych Pozycji "¯ywa Planeta"', N'Polska', 101, N'Ekologiczna', '15-678', N'Poznañ');

INSERT INTO Zamowienia (Id, Stan, Data_zlozenia, Wykonawca)
VALUES
(1, 'dostarczone', '2023-08-01', 5),
(2, 'dostarczone', '2023-08-08', 4),
(3, 'anulowane', '2023-08-15', 1),
(4, 'dostarczone', '2023-08-22', 5),
(5, 'dostarczone', '2023-08-29', 5),
(6, 'dostarczone', '2023-09-05', 4),
(7, 'dostarczone', '2023-09-12', 2),
(8, 'anulowane', '2023-09-19', 6),
(9, 'dostarczone', '2023-09-26', 8),
(10, 'dostarczone', '2023-10-03', 2),
(11, 'dostarczone', '2023-10-10', 1),
(12, 'dostarczone', '2023-10-17', 5),
(13, 'dostarczone', '2023-10-24', 7),
(14, 'dostarczone', '2023-10-31', 8),
(15, 'dostarczone', '2023-11-07', 2),
(16, 'dostarczone', '2023-11-14', 1),
(17, 'anulowane', '2023-11-21', 8),
(18, 'dostarczone', '2023-11-28', 2),
(19, 'dostarczone', '2023-12-05', 1),
(20, 'w trakcie realizacji', '2023-12-12', 9),
(21, 'w trakcie realizacji', '2023-12-21', 9);

INSERT INTO Pozycje_zamowien (Id, Cena, Ilosc_zamowiona, Zamowiona_ksiazka, Nr_zamowienia)
VALUES
(1, 10.00, 5, '9780765365279', 1),
(2, 19.99, 6, '9780060853983', 1),
(3, 15.99, 16, '9780765326355', 2),
(4, 22.50, 12, '9780765361165', 3), -- anulowane
(5, 15.99, 7, '9780765327321', 4),
(6, 10.00, 21, '9780765365279', 4),
(7, 17.99, 11, '9780062067777', 5),
(8, 18.75, 15, '9788765432109', 5),
(9, 8.99, 8, '9789876543210', 6),
(10, 12.50, 11, '9780765365286', 7),
(11, 21.99, 5, '9780765327338', 8), -- anulowane
(12, 21.49, 16, '9780765327338', 9),
(13, 11.99, 6, '9780765325365', 9),
(14, 19.99, 12, '9780765376671', 10),
(15, 12.99, 7, '9780765325365', 11),
(16, 13.00, 13, '9780987654321', 11),
(17, 7.99, 6, '9788765432109', 12),
(18, 11.25, 15, '9780765327383', 13),
(19, 18.99, 6, '9780765327383', 14),
(20, 16.50, 10, '9788378395662', 14),
(21, 9.99, 5, '9788378395679', 15),
(22, 19.99, 10, '9788378395679', 16),
(23, 13.99, 7, '9788378395686', 17), -- anulowane
(24, 19.99, 16, '9784509876543', 18),
(25, 16.99, 6, '9785098765432', 19),
(26, 9.99, 10, '9780060853983', 20),
(27, 12.99, 7, '9780765365279', 20),
(28, 12.99, 12, '9780765327383', 21),
(29, 17.50, 5, '9780765365286', 21),
(30, 12.99, 17, '9780765327321', 21);

INSERT INTO Dostawy (Id, Data_przyjecia)
VALUES
(1, '2023-08-04'), -- zam 1
(2, '2023-08-05'), -- druga dostawa zam.1
(3, '2023-08-12'), -- zam 2
(4, '2023-08-28'), -- zam 4
(5, '2023-09-01'), -- zam 5
(6, '2023-09-06'), -- druga dostawa zam 5
(7, '2023-09-10'), -- zam 6
(8, '2023-09-11'), -- druga dostawa zam 6
(9, '2023-09-15'), -- zam 7
(10, '2023-10-01'), -- zam 9
(11, '2023-10-12'), -- zam 10
(12, '2023-10-15'), -- zam 11
(13, '2023-10-25'), -- zam 12
(14, '2023-10-28'), -- zam 13
(15, '2023-11-07'), -- zam 14
(16, '2023-11-13'), -- zam 15
(17, '2023-11-21'), -- zam 16
(18, '2023-11-23'), --druga dostawa zam.16
(19, '2023-12-01'), -- zam 18
(20, '2023-12-10'); -- zam 19

INSERT INTO Pozycje_Dostawy (Id, Ilosc_dostarczona, Nr_dostawy, Nr_wypelnianej_pozycji)
VALUES
(1, 4, 1, 1),
(2, 6, 2, 2),
(3, 16, 3, 3),
(4, 5, 4, 5),
(5, 21, 4, 6),
(6, 11, 5, 7),
(7, 15, 6, 8),
(8, 6, 7, 9),
(9, 2, 8, 9),
(10, 11, 9, 10),
(11, 10, 10, 12),
(12, 6, 10, 13),
(13, 12, 11, 14),
(14, 7, 12, 15),
(15, 13, 12, 16),
(16, 6, 13, 17),
(17, 15, 14, 18),
(18, 6, 15, 19),
(19, 10, 15, 20),
(20, 5, 16, 21),
(21, 7, 17, 22),
(22, 3, 18, 22),
(23, 16, 19, 24),
(24, 6, 20, 25);

INSERT INTO Sprzedaze (Id, Data_sprzedazy)
VALUES
(1, '2023-08-05'),
(2, '2023-08-05'),
(3, '2023-08-09'),
(4, '2023-08-13'),
(5, '2023-08-17'),
(6, '2023-08-20'),
(7, '2023-08-24'),
(8, '2023-08-28'),
(9, '2023-08-31'),
(10, '2023-09-04'),
(11, '2023-09-08'),
(12, '2023-09-12'),
(13, '2023-09-15'),
(14, '2023-09-19'),
(15, '2023-09-23'),
(16, '2023-09-26'),
(17, '2023-09-30'),
(18, '2023-10-04'),
(19, '2023-10-08'),
(20, '2023-10-11'),
(21, '2023-10-15'),
(22, '2023-10-19'),
(23, '2023-10-22'),
(24, '2023-10-26'),
(25, '2023-10-30'),
(26, '2023-11-02'),
(27, '2023-11-06'),
(28, '2023-11-09'),
(29, '2023-11-13'),
(30, '2023-11-17'),
(31, '2023-11-20'),
(32, '2023-11-23'),
(33, '2023-11-27'),
(34, '2023-12-01'),
(35, '2023-12-05'),
(36, '2023-12-08'),
(37, '2023-12-12'),
(38, '2023-12-16'),
(39, '2023-12-19'),
(40, '2023-12-21');

INSERT INTO Pozycje_sprzedazy (Id, Cena_jednostkowa, Rabat, Ilosc, Kupiona_ksiazka, Nr_sprzedazy)
VALUES
(1, 25.99, 0.00, 1, '9780765365279', 1),
(2, 25.99, 25.99, 2, '9780765365279', 2),
(3, 29.99, 0.00, 2, '9780060853983', 2),
(4, 29.99, 0.00, 2, '9780060853983', 3),
(5, 25.99, 0.00, 1, '9780765365279', 4),
(6, 29.99, 0.00, 2, '9780060853983', 5),
(7, 19.99, 0.00, 2, '9780765326355', 6),
(8, 19.99, 0.00, 3, '9780765326355', 7),
(9, 19.99, 0.00, 1, '9780765326355', 8),
(10, 25.99, 0.00, 2, '9780765365279', 9),
(11, 21.75, 0.00, 1, '9780765327321', 10),
(12, 21.75, 0.00, 2, '9780765327321', 11),
(13, 25.99, 0.00, 2, '9780765365279', 12),
(14, 25.99, 0.00, 2, '9780765365279', 13),
(15, 21.75, 0.00, 1, '9780765327321', 14),
(16, 24.50, 0.00, 2, '9780062067777', 15),
(17, 25.99, 0.00, 2, '9780765365279', 16),
(18, 24.50, 0.00, 3, '9780062067777', 17),
(19, 26.99, 0.00, 1, '9788765432109', 18),
(20, 26.99, 0.00, 2, '9788765432109', 19),
(21, 26.99, 0.00, 1, '9788765432109', 20),
(22, 17.25, 0.00, 2, '9789876543210', 21),
(23, 32.99, 0.00, 2, '9780765365286', 22),
(24, 17.25, 0.00, 2, '9789876543210', 23),
(25, 26.99, 0.00, 1, '9788765432109', 24),
(26, 26.99, 0.00, 2, '9788765432109', 25),
(27, 17.50, 0.00, 2, '9780765325365', 26),
(28, 22.99, 0.00, 3, '9780765327338', 27),
(29, 35.25, 0.00, 1, '9780765376671', 28),
(30, 17.50, 0.00, 2, '9780765325365', 29),
(31, 22.99, 0.00, 1, '9780765327338', 30),
(32, 26.25, 0.00, 2, '9788378395662', 31),
(33, 26.25, 0.00, 2, '9788378395662', 32),
(34, 26.99, 0.00, 2, '9780765327383', 33),
(35, 26.99, 0.00, 1, '9788765432109', 34),
(36, 35.25, 0.00, 2, '9780765376671', 35),
(37, 17.50, 0.00, 2, '9780765325365', 36),
(38, 19.99, 0.00, 3, '9788378395679', 37),
(39, 26.99, 0.00, 1, '9780765327383', 38),
(40, 19.99, 0.00, 2, '9788378395679', 39),
(41, 26.99, 0.00, 2, '9780765327383', 40);